Source,Z1,Z2,Z3,Z4,Z5,Z6,Z7,Z8,Z9,Z10
Cooking,0.117073170731707,0.133333333333333,0.157377049180328,0.184615384615385,0.203389830508475,0.250746268656716,0.24,0.208695652173913,0.195918367346939,0.184615384615385
Heating,0.0390243902439024,0.0444444444444444,0.0524590163934426,0.0615384615384615,0.0677966101694915,0.0835820895522388,0.08,0.0695652173913043,0.0653061224489796,0.0615384615384615
Waste.Burn,0.0390243902439024,0.0444444444444444,0.0524590163934426,0.0615384615384615,0.0677966101694915,0.0835820895522388,0.08,0.0695652173913043,0.0653061224489796,0.0615384615384615
Industries,0.117073170731707,0.0888888888888889,0.078688524590164,0.0923076923076923,0.0813559322033898,0.0716417910447761,0.0685714285714286,0.104347826086957,0.0979591836734694,0.0923076923076923
Freight,0.292682926829268,0.311111111111111,0.275409836065574,0.184615384615385,0.16271186440678,0.0716417910447761,0.102857142857143,0.104347826086957,0.146938775510204,0.184615384615385
Pass.Travel,0.117073170731707,0.133333333333333,0.157377049180328,0.184615384615385,0.203389830508475,0.250746268656716,0.24,0.208695652173913,0.195918367346939,0.184615384615385
Dust,0.102439024390244,0.111111111111111,0.108196721311475,0.0923076923076923,0.0915254237288136,0.0805970149253731,0.0857142857142857,0.0782608695652174,0.0857142857142857,0.0923076923076923
Boundary,0.175609756097561,0.133333333333333,0.118032786885246,0.138461538461538,0.122033898305085,0.107462686567164,0.102857142857143,0.156521739130435,0.146938775510204,0.138461538461538
